{"mean": [20.345666885375977, 977.2128295898438, 68.56472778320312], "std": [3.4997928142547607, 3.3524374961853027, 16.775300979614258], "air_temperature": {"x_train": 